1,Badri,Guragain,Anamnagar,Kathmandu,WA,98122,USA,(206) 555-9857
2,Laxman,Maharjan,Thapathali,Kathmandu,WA,98401,USA,(206) 555-9482
3,Arpita,Singh,Banepa,Kathmandu,WA,98033,USA,(206) 555-3412
4,Niroj,Doyla,Dhulikhel,Kathmandu,WA,98052,UK,(206) 555-8122
5,Sujina,Khadgi,kupondole,Kathmandu,WA,SW1 8JR,UK,(71) 555-4848
6,Karan,KC,Kirtipur,Kathmandu,WA,EC2 7JR,USA,(71) 555-7773
7,Guneet,Singh,Kupondole,Kathmandu,WA,RG1 9SP,UK,(71) 555-5598
8,Samriddhi,Basnet,Gongabu,Kathmandu,WA,98105,USA,(206) 555-1189
9,Rakshya,Khanal,Chabel,Kathmandu,WA,98418,NEPAL,(977) 9841821755
10,Roshan,Budhathoki,Baluwataar,Kathmandu,WA,98670,NEPAL,(977) 9840093350